{"cameraMode":{"drawMode":0,"name":"Shaded","section":"Shading Mode"},"sceneLighting":false,"audioPlay":false,"sceneViewState":{"m_AlwaysRefresh":false,"showFog":true,"showSkybox":false,"showFlares":true,"showImageEffects":true,"showParticleSystems":true,"showVisualEffectGraphs":true,"m_FxEnabled":true},"in2DMode":false,"pivot":{"x":3.1693201065063478,"y":3.1754820346832277,"z":12.796680450439454},"rotation":{"x":-0.3217554986476898,"y":-0.43460792303085329,"z":0.16971367597579957,"w":-0.8238990902900696},"size":3.8820509910583498,"orthographic":false}